Conversation,With Memory (s),Without Memory (s)
1,0.08684802055358887,0.05754995346069336
2,0.07577991485595703,0.07036900520324707
3,0.058800697326660156,0.08559393882751465
