History Length,Duration (s),Response Length
0,0.0005040168762207031,547
2,0.00010919570922851562,547
5,9.799003601074219e-05,547
10,8.296966552734375e-05,547
15,0.0001621246337890625,547
