Query,With Memory (s),Without Memory (s),Overhead (%)
What programs does UBC offer?,0.0002181529998779297,9.179115295410156e-05,137.66233766233765
How do the Engineering programs compare between UB,0.0004038810729980469,0.0001652240753173828,144.44444444444446
What are the main differences between Canadian and,0.0003750324249267578,0.0002510547637939453,49.382716049382715
